{
  "environmentvariablevalues": {
    "environmentvariablevalue": {
      "@environmentvariablevalueid": "acd206ca-9c9d-ee11-be37-000d3ab696be",
      "iscustomizable": "1",
      "value": "{\"Abbreviation\":\"RPA\",\"ApprovalSettings\":{\"AutoApprove\":\"false\"},\"EmailAddresses\":{\"ALBNewsApprovers\":\"RPAApprovers@buckinghamdevelopment.co.uk\",\"ContentTeam\":\"james@buckinghamdevelopment.co.uk\",\"InternalCommsTeam\":\"RPAApprovers@buckinghamdevelopment.co.uk\"},\"Site\":{\"URL\":\"https://buckinghamdevelopment.sharepoint.com/sites/RPAIntranet\"},\"SPPermissions\":{\"GroupApproverID\":\"5\",\"GroupSiteOwnerID\":\"3\"}}"
    }
  }
}