<environmentvariabledefinition schemaname="cr541_APHAIntranet_DataSource_List_ICICS">
  <apiid>/providers/microsoft.powerapps/apis/shared_sharepointonline</apiid>
  <displayname default="APHAIntranet_DataSource_List_ICICS">
    <label description="APHAIntranet_DataSource_List_ICICS" languagecode="1033" />
  </displayname>
  <introducedversion>1.1.0.14</introducedversion>
  <iscustomizable>1</iscustomizable>
  <isrequired>0</isrequired>
  <parameterkey>table</parameterkey>
  <parentdefinitionid>
    <schemaname>cr541_APHAIntranet_DataSource_SPSite</schemaname>
  </parentdefinitionid>
  <secretstore>0</secretstore>
  <type>100000004</type>
</environmentvariabledefinition>