<environmentvariabledefinition schemaname="cr541_DefraIntranet_DataSource_List_SPAI">
  <apiid>/providers/microsoft.powerapps/apis/shared_sharepointonline</apiid>
  <displayname default="DefraIntranet_DataSource_List_SPAI">
    <label description="DefraIntranet_DataSource_List_SPAI" languagecode="1033" />
  </displayname>
  <introducedversion>1.1.0.15</introducedversion>
  <iscustomizable>1</iscustomizable>
  <isrequired>0</isrequired>
  <parameterkey>table</parameterkey>
  <parentdefinitionid>
    <schemaname>cr541_DefraIntranet_DataSource_SPSite</schemaname>
  </parentdefinitionid>
  <secretstore>0</secretstore>
  <type>100000004</type>
</environmentvariabledefinition>