{
  "environmentvariablevalues": {
    "environmentvariablevalue": {
      "@environmentvariablevalueid": "3c3e03a7-9b9d-ee11-be37-000d3ab696be",
      "iscustomizable": "1",
      "value": "{\"Abbreviation\":\"APHA\",\"ApprovalSettings\":{\"AutoApprove\":\"false\"},\"EmailAddresses\":{\"ALBNewsApprovers\":\"APHAApprovers@buckinghamdevelopment.co.uk\",\"ContentTeam\":\"james@buckinghamdevelopment.co.uk\",\"InternalCommsTeam\":\"APHAApprovers@buckinghamdevelopment.co.uk\"},\"Site\":{\"URL\":\"https://buckinghamdevelopment.sharepoint.com/sites/APHAIntranet\"},\"SPPermissions\":{\"GroupApproverID\":\"5\",\"GroupSiteOwnerID\":\"3\"}}"
    }
  }
}