{
  "environmentvariablevalues": {
    "environmentvariablevalue": {
      "@environmentvariablevalueid": "54d0a7cd-949d-ee11-be37-000d3ab696be",
      "iscustomizable": "1",
      "value": "{\"Abbreviation\":\"Core Defra\",\"ApprovalSettings\":{\"AutoApprove\":\"true\"},\"EmailAddresses\":{\"ALBNewsApprovers\":\"\",\"ALBNewsContactUs\":\"DefraApprovers@buckinghamdevelopment.co.uk\",\"ContentTeam\":\"james@buckinghamdevelopment.co.uk\",\"InternalCommsTeam\":\"DefraApprovers@buckinghamdevelopment.co.uk\"},\"Site\":{\"URL\":\"https://buckinghamdevelopment.sharepoint.com/sites/DefraIntranet\"},\"SPPermissions\":{\"GroupApproverID\":\"5\",\"GroupSiteOwnerID\":\"3\"}}"
    }
  }
}